epoch,train_loss,val_loss,val_psnr,val_ssim,val_dists,gen_loss,disc_loss,lr,epoch_time_sec
1,0.10242085268795491,0.03180211929209305,27.909385403866573,0.7227969529945695,0.2812308887339602,,,0.00039936484267598626,423.58
2,0.06786237361685497,0.028948775934751588,28.730345332934377,0.7658911841465441,0.2676277985476484,,,0.00039549422147664944,415.74
3,0.05869185839444399,0.027458545610760197,29.158702255670118,0.7848702511163212,0.25642907167925977,,,0.0003881733066160208,415.66
4,0.0563795623034716,0.026761357870065804,29.39273472567326,0.7931183104384257,0.25073832875550395,,,0.0003775316368360547,418.35
5,0.05383786415549315,0.02620983865074437,29.58193765179779,0.7993350435540704,0.24517958980016033,,,0.0003637575094386369,414.55
6,0.052729365824326344,0.025766016256929647,29.72957471135271,0.8042608095691248,0.24018638859493563,,,0.00034709464848948216,416.1
7,0.051510646548122166,0.025446625219451055,29.840829154913877,0.8086248422501724,0.23608321086926895,,,0.00032783789228213814,416.09
8,0.050812775624455145,0.025195957039191266,29.921477057644033,0.8112499057421931,0.2335564053118831,,,0.00030632797636956697,417.86
9,0.04938553257764471,0.024968049742958763,30.002391452744234,0.8129075324987702,0.2306923706724186,,,0.00028294550447410474,415.18
10,0.048563000634640585,0.024725747379389675,30.093139408952087,0.8155169709453457,0.2284225904279285,,,0.000258104213956558,415.83
11,0.047379964895519606,0.024557891856841367,30.136616453735183,0.8173403995377895,0.22653434478273296,,,0.00023224365500750118,415.09
12,0.04708913807422161,0.024361099784422403,30.198003581810422,0.8195766821630533,0.2253078818321228,,,0.0002058214130976407,417.14
13,0.06216204357670755,0.024362846192988483,30.190914493455015,0.8185335135334434,0.2133566816948881,,,0.00017930501230583554,501.69
14,0.06164051556908319,0.024287001897740846,30.203845505972858,0.8191432703699177,0.208771425064164,,,0.0001531636427900269,501.17
15,0.061006151588813284,0.024179655889218502,30.244349181462233,0.8209154060143518,0.2055224719071629,,,0.00012785985877800094,501.04
16,0.06000342790190937,0.0241443058758071,30.253146923213084,0.821096690980088,0.20365479678818674,,,0.0001038413939765426,501.54
17,0.05972783582709154,0.024113108244056655,30.283428668586303,0.8221319510410643,0.20255064723467586,,,8.153323921989747e-05,500.84
18,0.05866915757805109,0.024053091710113515,30.294923208211195,0.8221074783547248,0.20133896864423848,,,6.133012253830724e-05,500.5
19,0.05884970533359554,0.023977058121200764,30.329376353250236,0.8231638356862941,0.20025621264269858,,,4.358952470682736e-05,501.22
20,0.05845646338015795,0.023947308498500575,30.332647496016317,0.823330851890451,0.19946439895364973,,,2.862535385966802e-05,502.83
21,0.05793262058857824,0.023956647951795598,30.33163790352085,0.8235121142311196,0.19863578707280785,,,1.670239109356869e-05,500.99
22,0.05784216299153665,0.023938637715999526,30.339762954160275,0.8234865787522596,0.19804746981221016,,,8.031605341578518e-06,566.32
23,0.05727209175117314,0.023922110898326143,30.34741030869773,0.8237312809251838,0.19765645100010765,,,2.76642041744934e-06,595.46
24,0.0580976829431951,0.02392100476932646,30.348460576654393,0.8238236046313796,0.197648080460953,,,1.000000282819026e-06,599.76
