,input,a05_nafnet_v2,a06_restormer_v2,a07_naf_attn_hybrid,a08_degradation_aware,a09_wavelet_naf,a10_resflow_fewstep,a11_freq_spatial
gaussian_noise,20.984,32.9411,32.7789,32.8423,32.8828,32.9252,31.9663,32.8323
poisson_noise,25.169,36.0621,35.894,35.9302,35.9422,36.1242,35.0528,35.9324
salt_pepper,15.057,37.1674,36.901,36.4608,38.0016,35.8457,31.7836,36.7548
speckle_noise,25.601,34.9898,34.4675,34.8351,34.8852,34.7555,33.584,34.815
gaussian_blur,30.632,33.9779,33.8694,33.6891,33.8726,33.9681,32.2374,33.8829
motion_blur,28.884,31.6369,31.6113,31.4739,31.3574,31.8739,29.1881,31.5405
defocus_blur,30.185,33.5538,33.4707,33.35,33.4566,33.8066,31.3423,33.5687
jpeg,35.144,35.9428,35.7717,36.0229,36.0362,36.0377,35.4895,35.9408
chromatic_aberration,29.615,39.1543,38.8754,38.9881,38.4142,39.5283,35.6331,38.8914
correlated_noise,22.708,30.3644,30.0992,30.2728,30.2246,30.3792,29.4855,30.2412
resize_blur,34.24,34.0245,33.7907,33.8621,34.0529,34.6192,33.4893,34.0081
small_artifacts,29.809,40.9766,38.6248,40.0977,40.572,40.5141,34.1612,39.6273
gaussian_blur+gaussian_noise,21.203,28.9881,28.677,28.8693,28.8808,28.9682,28.0951,28.9519
motion_blur+gaussian_noise,20.198,26.5537,26.5418,26.5428,26.484,26.6665,25.5745,26.5464
defocus_blur+poisson_noise,24.031,30.1888,30.1547,30.0869,30.1542,30.2343,29.5577,30.1554
gaussian_noise+jpeg,24.442,33.9025,33.8178,33.9004,33.8315,33.9851,32.2711,33.7412
gaussian_blur+jpeg,29.316,31.8865,31.7213,31.7141,31.5318,31.7766,30.6024,31.7302
motion_blur+jpeg,28.14,29.8081,29.8834,29.7512,29.713,29.9159,28.4423,29.7562
gaussian_blur+salt_pepper,15.812,31.7964,31.2188,31.586,31.7244,31.2436,29.1066,31.6789
defocus_blur+speckle_noise,22.586,27.9892,27.918,27.9252,27.9607,27.9842,27.2539,27.9516
poisson_noise+jpeg,30.178,34.7106,34.5243,34.6759,34.549,34.694,34.0184,34.5204
chromatic_aberration+gaussian_noise,21.213,32.0075,31.6276,32.0053,31.9648,32.074,29.8908,31.9197
gaussian_noise+salt_pepper,15.329,31.4317,31.0504,31.5318,31.5762,31.0721,29.7484,31.4819
chromatic_aberration+defocus_blur,25.229,28.9285,28.8139,28.9136,28.8029,29.087,27.1789,28.9525
gaussian_blur+gaussian_noise+jpeg,23.829,29.3868,29.4269,29.4629,29.4872,29.5347,28.8445,29.4733
motion_blur+poisson_noise+jpeg,25.205,28.3002,28.3023,28.3097,28.1851,28.3685,27.2641,28.144
defocus_blur+speckle_noise+salt_pepper,15.836,30.8477,30.6629,30.7666,30.8511,30.7138,29.2366,30.7761
chromatic_aberration+gaussian_blur+gaussian_noise,22.202,31.0548,30.8843,30.9594,30.7655,30.9671,30.1146,30.9007
motion_blur+salt_pepper+jpeg,17.118,28.1642,28.1888,28.2499,28.0954,28.3324,27.1028,28.1075
uniform_noise,22.168,32.498,32.3005,32.4849,32.5241,32.5337,31.6694,32.4265
pixelate,26.875,27.1348,27.04,27.1049,27.08,27.1151,26.997,27.1105
periodic_noise,27.97,30.4351,29.952,31.8331,29.9973,30.0732,28.4473,31.5834
pixelate+uniform_noise,21.381,26.7032,26.6469,26.6741,26.7065,26.6902,26.6711,26.7199
