1,0.0711298145968275,0.060660606911105495,23.25687300828366,0.5757637608410986,0.2800530517293561,7.911752666394735,0.6779808254586053,0.0002,41.84
2,0.05893433243804371,0.05283928157821778,24.282642729708193,0.6126288333451301,0.26742716662345395,6.939140359150994,0.583377031935859,0.0001998629534754574,43.28
3,0.05839434980424409,0.05213308262248193,24.02647792252991,0.5922613042268166,0.28830268690662997,7.050279071650555,0.547230742641331,0.00019945218953682734,41.71
4,0.05579237563093913,0.04967350897289092,24.76208436985919,0.5984911617817789,0.27936441956027863,6.84375730494863,0.5076134690304392,0.0001987688340595138,43.71
5,0.05517773929330492,0.05118204292751128,24.340287339250008,0.5873565488323721,0.2816736385706932,6.8491680744997,0.5034228133172104,0.0001978147600733806,41.88
6,0.05427351663100351,0.057899990389423985,23.146765844539114,0.5658293937099503,0.2975632432968386,6.784673194295352,0.4932021429551016,0.00019659258262890686,43.78
7,0.052959953041113526,0.05692371629899548,23.679373124242733,0.5932652732920466,0.2855477534955548,6.618306260748008,0.49879345697225985,0.0001951056516295154,41.91
8,0.051309363532465756,0.05378334416497138,23.94112240595737,0.6109626278614303,0.28515652110499723,6.46443021420351,0.5113263203925693,0.0001933580426497202,43.65
9,0.05092029797738975,0.04558195678457137,25.0234598830685,0.6362705219228607,0.27155445660314254,6.444430828094482,0.5164039638853565,0.00019135454576426012,41.81
10,0.05247959740383109,0.04882842061981078,24.22141576283929,0.6171272220201768,0.29061573647683664,6.582352697234793,0.5081550220853275,0.00018910065241883683,43.7
11,0.05191007778816616,0.04932700998840794,24.707581211038157,0.627960858587424,0.2821401857560681,6.529610872268677,0.5175318376919658,0.00018660254037844394,41.93
12,0.05123915396553954,0.05313697517398865,23.99851988577143,0.6231017388174535,0.2799898087978363,6.413278955774209,0.5026422172170324,0.00018386705679454245,43.55
13,0.052165956053998055,0.051539306558908954,24.433655122762268,0.6263747591883085,0.2754324386196752,6.498433889801969,0.5133477581530502,0.0001809016994374948,41.9
14,0.05240919179830354,0.055252273476892905,23.993297360051606,0.5895553641584577,0.28452056646347046,6.490897478516569,0.5199648787065879,0.00017771459614569714,43.6
15,0.05130073097870522,0.05233123850437903,24.53108013064131,0.6324594692329377,0.2742784946195541,6.351270771518196,0.535787955080111,0.00017431448254773946,41.85
16,0.050845327719892426,0.04984895524478728,24.602680975153866,0.6319072527407656,0.2723735859317164,6.290551033216653,0.5207824372139174,0.00017071067811865479,43.69
17,0.048452729608902,0.04938804334209811,24.908794362479497,0.6400594427350141,0.2749297104535564,6.037857977385373,0.5248394052392429,0.00016691306063588586,41.8
18,0.04950225188099232,0.04864440053220718,24.639599098979073,0.6297871967579146,0.2795806315637404,6.1590600849426895,0.5208523015386051,0.00016293203910498378,43.73
19,0.05072787160188267,0.05016259368388883,24.814353843179052,0.6737582959947936,0.26597372274244985,6.253335466089937,0.5378171190158608,0.00015877852522924735,41.8
20,0.04829930823257903,0.04559987969696522,24.79183776044061,0.6626005285320866,0.26416067250313296,5.9831045706247545,0.53499702141457,0.00015446390350150275,43.55
21,0.047465934427743106,0.044495525379334724,25.660941793012913,0.6717847255171524,0.26050939194617734,5.886653017751949,0.542545953055018,0.00015000000000000004,41.85
22,0.04730813756354691,0.04217181655187761,26.174356012632543,0.6863329105791809,0.252905648562216,5.83278846986515,0.5459923934690731,0.0001453990499739547,43.47
23,0.046107193704732916,0.04361385539654763,25.869599157823952,0.6953422766325451,0.25151812165014203,5.68411232024124,0.5603353058554462,0.00014067366430758007,41.79
24,0.04698391275998858,0.042471411487748544,26.27336432876437,0.6873147605140211,0.2583154151516576,5.762168604074065,0.5539968932412335,0.0001358367949545301,43.68
25,0.04754557635289492,0.04633277678681958,25.554485790775566,0.6813493334117244,0.2564805044281867,5.8041271647227175,0.5620965797876575,0.0001309016994374948,41.72
26,0.04873505399860058,0.04262817795238187,26.10358860080474,0.7252186153214047,0.24636907250650467,5.935826397433724,0.5517909112050361,0.00012588190451025212,43.53
27,0.04400239825325528,0.04384609395938535,26.64494654774032,0.7093316607727574,0.2534311384923996,5.44391947677455,0.5620539173022988,0.00012079116908177597,41.76
28,0.04313146213511216,0.048038953374470436,25.322017151723546,0.6469775542744678,0.2644135009857916,5.334906715707681,0.5630092304391959,0.00011564344650402314,43.79
29,0.042801808028184264,0.04525312793350989,25.46785437420765,0.6873997046441178,0.255859469694476,5.313860207488856,0.5658920806707796,0.0001104528463267654,41.74
30,0.04299298979188364,0.05227041665104128,24.5471849808262,0.6725038439855164,0.26090914107138113,5.339922705876458,0.5599568609109858,0.00010523359562429442,43.56
31,0.04338040233580107,0.04569982112415375,26.27705408572997,0.6974065472658947,0.25256342945560334,5.368002805513205,0.5622513324944014,0.00010000000000000007,41.68
32,0.04446236453182304,0.04065737909367008,26.8474176986577,0.7097390092701821,0.25373787216601834,5.475338232885931,0.5614969582901788,9.476640437570568e-05,43.7
33,0.043217730314768464,0.045932560558280634,25.35438901264437,0.6625774813384178,0.2687079704576923,5.357001896986027,0.5562624356795832,8.954715367323472e-05,41.77
34,0.0457619378324022,0.03983898965581771,27.024838406957947,0.7293159156658059,0.24446111340676585,5.63362279626512,0.5559225349696642,8.435655349597696e-05,43.6
35,0.043268005008396414,0.039284803814465,26.876192472901014,0.6997536696141247,0.25061535066173923,5.368119633074889,0.5489097683085609,7.920883091822411e-05,41.82
36,0.04270480577017843,0.04370835976254556,26.305685124910813,0.7182726785714301,0.2487581617409183,5.305403633215993,0.5534195061196986,7.411809548974798e-05,43.61
37,0.04582761068703588,0.04151258593605411,26.79403761032376,0.7264000939038395,0.23825887374339566,5.632351241160914,0.550937058692126,6.909830056250531e-05,41.84
38,0.04248563999060503,0.042944423734180386,26.54718713438935,0.6948478388606468,0.25050067613201754,5.282550669208016,0.5522787915062659,6.416320504547001e-05,43.57
39,0.04432214909838032,0.044357837448197025,26.001067472701177,0.7234706157020657,0.2355837437414354,5.479277340407224,0.5456099817433309,5.932633569242003e-05,41.79
40,0.045862430168949454,0.044317151209519755,25.979932920769713,0.6935516951191036,0.26002758549105737,5.642760824911373,0.5420814245632014,5.460095002604535e-05,43.6
41,0.04192006712798605,0.041784326876363444,26.573286420056558,0.7080894050435161,0.2505006843036221,5.225658733820178,0.5479688008421475,5.000000000000005e-05,41.72
42,0.04520725266835124,0.04509821341883752,26.025720665879597,0.7087325794391005,0.24883046361707872,5.565153940436766,0.5430390770287857,4.553609649849735e-05,43.56
43,0.04346019878369017,0.04196375187846922,26.4893991363887,0.709818059313145,0.25066416205898406,5.372430604757722,0.5460270827578515,4.1221474770752725e-05,41.72
44,0.04546079650214038,0.0411253685672437,26.700164115304364,0.7139607521441854,0.24538009397445187,5.6011111170975205,0.5388881969697696,3.7067960895016295e-05,43.55
45,0.04334827393447001,0.04156276187108409,26.780197413644018,0.7232622290719678,0.242723491884047,5.365527843691639,0.5442554726428592,3.308693936411423e-05,41.72
46,0.0432460225696109,0.0403927460072502,26.445451331348824,0.694217400800343,0.26225788795178934,5.354154370494725,0.5440187558685381,2.9289321881345275e-05,43.52
47,0.0449173500588567,0.03804924651499717,27.375123025000203,0.730231905073184,0.24335067647118722,5.528553775905334,0.5344617839941045,2.5685517452260618e-05,41.73
48,0.0444846044764998,0.04126583316153096,26.00574338489896,0.7183204803175912,0.2443830563176063,5.478500356379244,0.5388521263279866,2.228540385430293e-05,43.5
49,0.04321373280944284,0.04641948243783366,25.53920191072834,0.6611876448569416,0.267742476155681,5.338333213452211,0.5378129768002894,1.9098300562505283e-05,41.8
50,0.039934472670567406,0.04045829381192884,26.768458854424797,0.724178746124907,0.2375518420050221,4.987406462738194,0.5564422527539361,1.613294320545762e-05,43.58
51,0.04354746597482986,0.03888979145596104,27.446520008495973,0.7391996577961125,0.23617316109518852,5.377501214902425,0.5392172760570172,1.339745962155614e-05,41.71
52,0.04147699016347988,0.045362328449564594,25.850843974072696,0.7015899782127095,0.24682796914731303,5.1558896045094915,0.5443113449308061,1.0899347581163231e-05,43.62
53,0.04159217418085054,0.04061216139985669,27.09805825323228,0.7234496318684162,0.24898371292698768,5.164410355164833,0.5480307448156101,8.64545423573991e-06,41.87
54,0.0420317713401674,0.04432564228773117,26.10300377981002,0.7144834728855659,0.2474271635855398,5.205433867641331,0.5392755325307551,6.641957350279831e-06,43.6
55,0.042468094353362455,0.046112782532168974,25.898314279391833,0.70806444715223,0.2513664398462542,5.261332973991473,0.5450841126982698,4.89434837048465e-06,41.79
56,0.04150409549090665,0.04225161936013929,26.460272634237832,0.7189467491039493,0.24230244178925792,5.156232966590173,0.5458974466495907,3.407417371093171e-06,43.66
57,0.0428420179283496,0.041111583070408915,26.77298472427704,0.7284764327436382,0.23994170850323093,5.2942868065588256,0.5340181582981778,2.1852399266194327e-06,41.75
58,0.04344320696653779,0.04268766386855033,26.230291960111703,0.7177928928000559,0.24160453532972642,5.388609655124625,0.5397539077345858,1.2311659404862349e-06,43.61
59,0.04417798675827144,0.04118482858663605,26.528398850095495,0.7076959247056733,0.24621642068509134,5.441276134903898,0.5296390849290434,5.478104631726603e-07,41.92
60,0.0423241383828146,0.040659540723408424,26.758614090626523,0.7137192889855869,0.2510142965662864,5.263240315250514,0.541449361240741,1.370465245426168e-07,43.55
